{
  "\n": 28,
  "\r": 27,
  " ": 0,
  "!": 55,
  "&": 42,
  "'": 51,
  "(": 48,
  ")": 44,
  "*": 45,
  "+": 80,
  ",": 23,
  "-": 30,
  ".": 22,
  "/": 41,
  "0": 47,
  "1": 39,
  "2": 56,
  "3": 68,
  "4": 69,
  "5": 61,
  "6": 75,
  "9": 79,
  ":": 46,
  "<": 76,
  ">": 82,
  "?": 50,
  "@": 86,
  "A": 24,
  "B": 60,
  "C": 43,
  "D": 31,
  "E": 49,
  "F": 58,
  "G": 63,
  "H": 40,
  "I": 25,
  "J": 64,
  "K": 73,
  "L": 35,
  "M": 34,
  "N": 57,
  "O": 59,
  "P": 38,
  "Q": 70,
  "R": 67,
  "S": 37,
  "T": 33,
  "U": 65,
  "V": 71,
  "W": 32,
  "X": 74,
  "Y": 66,
  "a": 5,
  "b": 20,
  "c": 10,
  "d": 12,
  "e": 1,
  "f": 18,
  "g": 14,
  "h": 11,
  "i": 4,
  "j": 36,
  "k": 26,
  "l": 9,
  "m": 16,
  "n": 6,
  "o": 3,
  "p": 15,
  "q": 53,
  "r": 7,
  "s": 8,
  "t": 2,
  "u": 13,
  "v": 21,
  "w": 17,
  "x": 29,
  "y": 19,
  "z": 52,
  "\u00b1": 81,
  "\u2013": 62,
  "\u2018": 77,
  "\u2019": 54,
  "\u201c": 83,
  "\u201d": 84,
  "\u2060": 72,
  "\ufeff": 78,
  "\ud83d\udcad": 85
}